
{
  "header": {
    "event": "Allocation failed - JavaScript heap out of memory",
    "trigger": "FatalError",
    "filename": "report.20210726.040322.10252.0.001.json",
    "dumpEventTime": "2021-07-26T04:03:22Z",
    "dumpEventTimeStamp": "1627247002449",
    "processId": 10252,
    "cwd": "C:\\Users\\dinhp\\Desktop\\Pet-Market",
    "commandLine": [
      "node",
      "C:\\Users\\dinhp\\Desktop\\Pet-Market\\node_modules\\.bin\\\\..\\nuxt\\bin\\nuxt.js"
    ],
    "nodejsVersion": "v12.5.0",
    "wordSize": 64,
    "arch": "x64",
    "platform": "win32",
    "componentVersions": {
      "node": "12.5.0",
      "v8": "7.5.288.22-node.14",
      "uv": "1.29.1",
      "zlib": "1.2.11",
      "brotli": "1.0.7",
      "ares": "1.15.0",
      "modules": "72",
      "nghttp2": "1.38.0",
      "napi": "4",
      "llhttp": "1.1.4",
      "http_parser": "2.8.0",
      "openssl": "1.1.1c",
      "cldr": "35.1",
      "icu": "64.2",
      "tz": "2019a",
      "unicode": "12.1"
    },
    "release": {
      "name": "node",
      "headersUrl": "https://nodejs.org/download/release/v12.5.0/node-v12.5.0-headers.tar.gz",
      "sourceUrl": "https://nodejs.org/download/release/v12.5.0/node-v12.5.0.tar.gz",
      "libUrl": "https://nodejs.org/download/release/v12.5.0/win-x64/node.lib"
    },
    "osName": "Windows_NT",
    "osRelease": "10.0.19043",
    "osVersion": "Windows 10 Home Single Language",
    "osMachine": "x86_64",
    "cpus": [
      {
        "model": "Intel(R) Core(TM) i7-8750H CPU @ 2.20GHz",
        "speed": 2208,
        "user": 3071187,
        "nice": 0,
        "sys": 1874687,
        "idle": 22490468,
        "irq": 734546
      },
      {
        "model": "Intel(R) Core(TM) i7-8750H CPU @ 2.20GHz",
        "speed": 2208,
        "user": 3071187,
        "nice": 0,
        "sys": 1874687,
        "idle": 22490468,
        "irq": 734546
      },
      {
        "model": "Intel(R) Core(TM) i7-8750H CPU @ 2.20GHz",
        "speed": 2208,
        "user": 3071187,
        "nice": 0,
        "sys": 1874687,
        "idle": 22490468,
        "irq": 734546
      },
      {
        "model": "Intel(R) Core(TM) i7-8750H CPU @ 2.20GHz",
        "speed": 2208,
        "user": 3071187,
        "nice": 0,
        "sys": 1874687,
        "idle": 22490468,
        "irq": 734546
      },
      {
        "model": "Intel(R) Core(TM) i7-8750H CPU @ 2.20GHz",
        "speed": 2208,
        "user": 3071187,
        "nice": 0,
        "sys": 1874687,
        "idle": 22490468,
        "irq": 734546
      },
      {
        "model": "Intel(R) Core(TM) i7-8750H CPU @ 2.20GHz",
        "speed": 2208,
        "user": 3071187,
        "nice": 0,
        "sys": 1874687,
        "idle": 22490468,
        "irq": 734546
      },
      {
        "model": "Intel(R) Core(TM) i7-8750H CPU @ 2.20GHz",
        "speed": 2208,
        "user": 3071187,
        "nice": 0,
        "sys": 1874687,
        "idle": 22490468,
        "irq": 734546
      },
      {
        "model": "Intel(R) Core(TM) i7-8750H CPU @ 2.20GHz",
        "speed": 2208,
        "user": 3071187,
        "nice": 0,
        "sys": 1874687,
        "idle": 22490468,
        "irq": 734546
      },
      {
        "model": "Intel(R) Core(TM) i7-8750H CPU @ 2.20GHz",
        "speed": 2208,
        "user": 3071187,
        "nice": 0,
        "sys": 1874687,
        "idle": 22490468,
        "irq": 734546
      },
      {
        "model": "Intel(R) Core(TM) i7-8750H CPU @ 2.20GHz",
        "speed": 2208,
        "user": 3071187,
        "nice": 0,
        "sys": 1874687,
        "idle": 22490468,
        "irq": 734546
      },
      {
        "model": "Intel(R) Core(TM) i7-8750H CPU @ 2.20GHz",
        "speed": 2208,
        "user": 3071187,
        "nice": 0,
        "sys": 1874687,
        "idle": 22490468,
        "irq": 734546
      },
      {
        "model": "Intel(R) Core(TM) i7-8750H CPU @ 2.20GHz",
        "speed": 2208,
        "user": 3071187,
        "nice": 0,
        "sys": 1874687,
        "idle": 22490468,
        "irq": 734546
      }
    ],
    "host": "DinhPhuocLong"
  },
  "javascriptStack": {
    "message": "No stack.",
    "stack": [
      "Unavailable."
    ]
  },
  "nativeStack": [
    {
      "pc": "0x00007ff7c3096e09",
      "symbol": "std::basic_ostream<char,std::char_traits<char> >::operator<<+10889"
    },
    {
      "pc": "0x00007ff7c309a704",
      "symbol": "std::basic_ostream<char,std::char_traits<char> >::operator<<+25476"
    },
    {
      "pc": "0x00007ff7c3099728",
      "symbol": "std::basic_ostream<char,std::char_traits<char> >::operator<<+21416"
    },
    {
      "pc": "0x00007ff7c3182f5b",
      "symbol": "v8::base::CPU::has_sse+38011"
    },
    {
      "pc": "0x00007ff7c3967e2e",
      "symbol": "v8::Isolate::ReportExternalAllocationLimitReached+94"
    },
    {
      "pc": "0x00007ff7c395017a",
      "symbol": "v8::SharedArrayBuffer::Externalize+842"
    },
    {
      "pc": "0x00007ff7c37e197c",
      "symbol": "v8::internal::Heap::EphemeronKeyWriteBarrierFromCode+1436"
    },
    {
      "pc": "0x00007ff7c37e989f",
      "symbol": "v8::internal::Heap::OldGenerationSizeOfObjects+4879"
    },
    {
      "pc": "0x00007ff7c37dfb43",
      "symbol": "v8::internal::Heap::CollectGarbage+1235"
    },
    {
      "pc": "0x00007ff7c37de3d4",
      "symbol": "v8::internal::Heap::AddRetainedMap+2292"
    },
    {
      "pc": "0x00007ff7c38049f3",
      "symbol": "v8::internal::Factory::NewRawOneByteString+83"
    },
    {
      "pc": "0x00007ff7c3806d09",
      "symbol": "v8::internal::Factory::NewStringFromOneByte+121"
    },
    {
      "pc": "0x00007ff7c3963f71",
      "symbol": "v8::String::NewFromOneByte+305"
    },
    {
      "pc": "0x00007ff7c3144df5",
      "symbol": "v8::internal::StackGuard::ArchiveSpacePerThread+132197"
    },
    {
      "pc": "0x00007ff7c3143745",
      "symbol": "v8::internal::StackGuard::ArchiveSpacePerThread+126389"
    },
    {
      "pc": "0x00007ff7c31f1f53",
      "symbol": "node::NewContext+915"
    },
    {
      "pc": "0x00007ff7c3188951",
      "symbol": "v8::base::CPU::has_sse+61041"
    },
    {
      "pc": "0x00007ff7c3189d9b",
      "symbol": "v8::base::CPU::has_sse+66235"
    },
    {
      "pc": "0x00007ff7c37783db",
      "symbol": "v8::internal::StubCache::Set+1627"
    },
    {
      "pc": "0x00007ff7c38fd4e8",
      "symbol": "v8::internal::Builtins::builtin_handle+336280"
    },
    {
      "pc": "0x00007ff7c38fd838",
      "symbol": "v8::internal::Builtins::builtin_handle+337128"
    },
    {
      "pc": "0x00007ff7c38fd63e",
      "symbol": "v8::internal::Builtins::builtin_handle+336622"
    },
    {
      "pc": "0x00007ff7c3a10b1d",
      "symbol": "v8::internal::SetupIsolateDelegate::SetupHeap+614605"
    },
    {
      "pc": "0x00007ff7c3984fcc",
      "symbol": "v8::internal::SetupIsolateDelegate::SetupHeap+42364"
    },
    {
      "pc": "0x00007ff7c3984fcc",
      "symbol": "v8::internal::SetupIsolateDelegate::SetupHeap+42364"
    },
    {
      "pc": "0x00007ff7c3984fcc",
      "symbol": "v8::internal::SetupIsolateDelegate::SetupHeap+42364"
    },
    {
      "pc": "0x00007ff7c3984fcc",
      "symbol": "v8::internal::SetupIsolateDelegate::SetupHeap+42364"
    },
    {
      "pc": "0x00007ff7c39d7ef5",
      "symbol": "v8::internal::SetupIsolateDelegate::SetupHeap+382117"
    },
    {
      "pc": "0x00007ff7c3980823",
      "symbol": "v8::internal::SetupIsolateDelegate::SetupHeap+24019"
    },
    {
      "pc": "0x00007ff7c3a64ec4",
      "symbol": "v8::internal::SetupIsolateDelegate::SetupHeap+959604"
    },
    {
      "pc": "0x00007ff7c3984fcc",
      "symbol": "v8::internal::SetupIsolateDelegate::SetupHeap+42364"
    },
    {
      "pc": "0x00007ff7c3984fcc",
      "symbol": "v8::internal::SetupIsolateDelegate::SetupHeap+42364"
    },
    {
      "pc": "0x00007ff7c3984fcc",
      "symbol": "v8::internal::SetupIsolateDelegate::SetupHeap+42364"
    },
    {
      "pc": "0x00007ff7c39afc27",
      "symbol": "v8::internal::SetupIsolateDelegate::SetupHeap+217559"
    },
    {
      "pc": "0x00007ff7c39d93d2",
      "symbol": "v8::internal::SetupIsolateDelegate::SetupHeap+387458"
    },
    {
      "pc": "0x00007ff7c39a3fc2",
      "symbol": "v8::internal::SetupIsolateDelegate::SetupHeap+169330"
    },
    {
      "pc": "0x00007ff7c39827ec",
      "symbol": "v8::internal::SetupIsolateDelegate::SetupHeap+32156"
    },
    {
      "pc": "0x00007ff7c382d334",
      "symbol": "v8::internal::StackGuard::InitThread+1156"
    },
    {
      "pc": "0x00007ff7c382d443",
      "symbol": "v8::internal::StackGuard::InitThread+1427"
    },
    {
      "pc": "0x00007ff7c382db12",
      "symbol": "v8::internal::Execution::TryCall+354"
    },
    {
      "pc": "0x00007ff7c3705e15",
      "symbol": "v8::internal::MicrotaskQueue::RunMicrotasks+517"
    },
    {
      "pc": "0x00007ff7c31f40d1",
      "symbol": "node::CallbackScope::~CallbackScope+577"
    },
    {
      "pc": "0x00007ff7c31f4441",
      "symbol": "node::CallbackScope::~CallbackScope+1457"
    },
    {
      "pc": "0x00007ff7c31edab3",
      "symbol": "napi_wrap+207283"
    },
    {
      "pc": "0x00007ff7c317efb3",
      "symbol": "v8::base::CPU::has_sse+21715"
    },
    {
      "pc": "0x00007ff7c3175857",
      "symbol": "v8::internal::MemoryChunkLayout::ObjectStartOffsetInDataPage+60103"
    },
    {
      "pc": "0x00007ff7c3223027",
      "symbol": "uv_timer_stop+775"
    },
    {
      "pc": "0x00007ff7c321fc0b",
      "symbol": "uv_async_send+331"
    },
    {
      "pc": "0x00007ff7c321f3ac",
      "symbol": "uv_loop_init+1212"
    },
    {
      "pc": "0x00007ff7c321f574",
      "symbol": "uv_run+244"
    },
    {
      "pc": "0x00007ff7c314c2b1",
      "symbol": "v8::internal::AsmJsScanner::GetIdentifierString+28097"
    },
    {
      "pc": "0x00007ff7c31a6703",
      "symbol": "node::Start+243"
    },
    {
      "pc": "0x00007ff7c306c8dc",
      "symbol": "AES_cbc_encrypt+15116"
    },
    {
      "pc": "0x00007ff7c3e7a8f8",
      "symbol": "v8::internal::CodeStubAssembler::WordIsPowerOfTwo+151192"
    },
    {
      "pc": "0x00007ffc6f997034",
      "symbol": "BaseThreadInitThunk+20"
    },
    {
      "pc": "0x00007ffc700c2651",
      "symbol": "RtlUserThreadStart+33"
    }
  ],
  "javascriptHeap": {
    "totalMemory": 2154434560,
    "totalCommittedMemory": 2154434560,
    "usedMemory": 1951679896,
    "availableMemory": 47163272,
    "memoryLimit": 2197815296,
    "heapSpaces": {
      "read_only_space": {
        "memorySize": 262144,
        "committedMemory": 262144,
        "capacity": 261832,
        "used": 31960,
        "available": 229872
      },
      "new_space": {
        "memorySize": 4194304,
        "committedMemory": 4194304,
        "capacity": 2094656,
        "used": 722928,
        "available": 1371728
      },
      "old_space": {
        "memorySize": 1836986368,
        "committedMemory": 1836986368,
        "capacity": 1671535992,
        "used": 1671449712,
        "available": 86280
      },
      "code_space": {
        "memorySize": 3571712,
        "committedMemory": 3571712,
        "capacity": 2974048,
        "used": 2974048,
        "available": 0
      },
      "map_space": {
        "memorySize": 232263680,
        "committedMemory": 232263680,
        "capacity": 199698160,
        "used": 199698160,
        "available": 0
      },
      "large_object_space": {
        "memorySize": 75952128,
        "committedMemory": 75952128,
        "capacity": 75702768,
        "used": 75702768,
        "available": 0
      },
      "code_large_object_space": {
        "memorySize": 1204224,
        "committedMemory": 1204224,
        "capacity": 1100320,
        "used": 1100320,
        "available": 0
      },
      "new_large_object_space": {
        "memorySize": 0,
        "committedMemory": 0,
        "capacity": 2094656,
        "used": 0,
        "available": 2094656
      }
    }
  },
  "resourceUsage": {
    "userCpuSeconds": 148.109,
    "kernelCpuSeconds": 21.062,
    "cpuConsumptionPercent": 107.07,
    "maxRss": 2560102400,
    "pageFaults": {
      "IORequired": 1068770,
      "IONotRequired": 0
    },
    "fsActivity": {
      "reads": 8187,
      "writes": 40
    }
  },
  "libuv": [
  ],
  "environmentVariables": {
    "=C:": "C:\\Users\\dinhp\\Desktop\\Pet-Market",
    "aliases": "C:\\laragon\\bin\\cmder\\config\\user-aliases.cmd",
    "ALLUSERSPROFILE": "C:\\ProgramData",
    "API_SECRET=:D": ")):D",
    "APPDATA": "C:\\Users\\dinhp\\AppData\\Roaming",
    "APPLICATION_INSIGHTS_NO_DIAGNOSTIC_CHANNEL": "true",
    "architecture": "64",
    "BASE_URL": "http://localhost:8000/api",
    "ChocolateyInstall": "C:\\ProgramData\\chocolatey",
    "ChocolateyLastPathUpdate": "132682365698678327",
    "CHROME_CRASHPAD_PIPE_NAME": "\\\\.\\pipe\\crashpad_18824_NDHYLUAKWCGTKRSF",
    "CMDER_ROOT": "C:\\laragon\\bin\\cmder",
    "COLORTERM": "truecolor",
    "CommonProgramFiles": "C:\\Program Files\\Common Files",
    "CommonProgramFiles(x86)": "C:\\Program Files (x86)\\Common Files",
    "CommonProgramW6432": "C:\\Program Files\\Common Files",
    "COMPUTERNAME": "DINHPHUOCLONG",
    "ComSpec": "C:\\WINDOWS\\system32\\cmd.exe",
    "DOCUMENT_ROOT": "C:/laragon/www",
    "DriverData": "C:\\Windows\\System32\\Drivers\\DriverData",
    "FPS_BROWSER_APP_PROFILE_STRING": "Internet Explorer",
    "FPS_BROWSER_USER_PROFILE_STRING": "Default",
    "FULL_TITLE": "\"C:\\Users\\dinhp\\Desktop\\Pet-Market\"",
    "GIT_ASKPASS": "c:\\Users\\dinhp\\AppData\\Local\\Programs\\Microsoft VS Code\\resources\\app\\extensions\\git\\dist\\askpass.sh",
    "GIT_INSTALL_ROOT": "C:\\laragon\\bin\\cmder\\..\\git",
    "HOME": "C:\\Users\\dinhp",
    "HOMEDRIVE": "C:",
    "HOMEPATH": "\\Users\\dinhp",
    "INIT_CWD": "C:\\Users\\dinhp\\Desktop\\Pet-Market",
    "LANG": "en_US.UTF-8",
    "LARAGON_ROOT": "C:\\laragon\\",
    "LOCALAPPDATA": "C:\\Users\\dinhp\\AppData\\Local",
    "LOGONSERVER": "\\\\DINHPHUOCLONG",
    "NODE": "C:\\laragon\\bin\\nodejs\\node-v12\\node.exe",
    "NODE_ENV": "development",
    "NODE_EXE": "C:\\laragon\\bin\\nodejs\\node-v12\\\\node.exe",
    "NPM_CLI_JS": "C:\\laragon\\bin\\nodejs\\node-v12\\node_modules\\npm\\bin\\npm-cli.js",
    "npm_config_access": "",
    "npm_config_allow_same_version": "",
    "npm_config_also": "",
    "npm_config_always_auth": "",
    "npm_config_argv": "{\"remain\":[],\"cooked\":[\"run\",\"dev\"],\"original\":[\"run\",\"dev\"]}",
    "npm_config_audit": "true",
    "npm_config_audit_level": "low",
    "npm_config_auth_type": "legacy",
    "npm_config_before": "",
    "npm_config_bin_links": "true",
    "npm_config_browser": "",
    "npm_config_ca": "",
    "npm_config_cache": "C:\\Users\\dinhp\\AppData\\Roaming\\npm-cache",
    "npm_config_cache_lock_retries": "10",
    "npm_config_cache_lock_stale": "60000",
    "npm_config_cache_lock_wait": "10000",
    "npm_config_cache_max": "Infinity",
    "npm_config_cache_min": "10",
    "npm_config_cafile": "",
    "npm_config_cert": "",
    "npm_config_cidr": "",
    "npm_config_color": "true",
    "npm_config_commit_hooks": "true",
    "npm_config_depth": "Infinity",
    "npm_config_description": "true",
    "npm_config_dev": "",
    "npm_config_dry_run": "",
    "npm_config_editor": "notepad.exe",
    "npm_config_engine_strict": "",
    "npm_config_fetch_retries": "2",
    "npm_config_fetch_retry_factor": "10",
    "npm_config_fetch_retry_maxtimeout": "60000",
    "npm_config_fetch_retry_mintimeout": "10000",
    "npm_config_force": "",
    "npm_config_git": "git",
    "npm_config_git_tag_version": "true",
    "npm_config_global": "",
    "npm_config_globalconfig": "C:\\laragon\\bin\\nodejs\\node-v12\\etc\\npmrc",
    "npm_config_globalignorefile": "C:\\laragon\\bin\\nodejs\\node-v12\\etc\\npmignore",
    "npm_config_global_style": "",
    "npm_config_group": "",
    "npm_config_ham_it_up": "",
    "npm_config_heading": "npm",
    "npm_config_https_proxy": "",
    "npm_config_if_present": "",
    "npm_config_ignore_prepublish": "",
    "npm_config_ignore_scripts": "",
    "npm_config_init_author_email": "",
    "npm_config_init_author_name": "",
    "npm_config_init_author_url": "",
    "npm_config_init_license": "ISC",
    "npm_config_init_module": "C:\\Users\\dinhp\\.npm-init.js",
    "npm_config_init_version": "1.0.0",
    "npm_config_json": "",
    "npm_config_key": "",
    "npm_config_legacy_bundling": "",
    "npm_config_link": "",
    "npm_config_local_address": "",
    "npm_config_loglevel": "notice",
    "npm_config_logs_max": "10",
    "npm_config_long": "",
    "npm_config_maxsockets": "50",
    "npm_config_message": "%s",
    "npm_config_metrics_registry": "https://registry.npmjs.org/",
    "npm_config_node_gyp": "C:\\laragon\\bin\\nodejs\\node-v12\\node_modules\\npm\\node_modules\\node-gyp\\bin\\node-gyp.js",
    "npm_config_node_options": "",
    "npm_config_node_version": "12.5.0",
    "npm_config_noproxy": "",
    "npm_config_offline": "",
    "npm_config_onload_script": "",
    "npm_config_only": "",
    "npm_config_optional": "true",
    "npm_config_otp": "",
    "npm_config_package_lock": "true",
    "npm_config_package_lock_only": "",
    "npm_config_parseable": "",
    "npm_config_prefer_offline": "",
    "npm_config_prefer_online": "",
    "npm_config_prefix": "C:\\laragon\\bin\\nodejs\\node-v12",
    "npm_config_preid": "",
    "npm_config_production": "",
    "npm_config_progress": "true",
    "npm_config_proxy": "",
    "npm_config_read_only": "",
    "npm_config_rebuild_bundle": "true",
    "npm_config_registry": "https://registry.npmjs.org/",
    "npm_config_rollback": "true",
    "npm_config_save": "true",
    "npm_config_save_bundle": "",
    "npm_config_save_dev": "",
    "npm_config_save_exact": "",
    "npm_config_save_optional": "",
    "npm_config_save_prefix": "^",
    "npm_config_save_prod": "",
    "npm_config_scope": "",
    "npm_config_scripts_prepend_node_path": "warn-only",
    "npm_config_script_shell": "",
    "npm_config_searchexclude": "",
    "npm_config_searchlimit": "20",
    "npm_config_searchopts": "",
    "npm_config_searchstaleness": "900",
    "npm_config_send_metrics": "",
    "npm_config_shell": "C:\\WINDOWS\\system32\\cmd.exe",
    "npm_config_shrinkwrap": "true",
    "npm_config_sign_git_commit": "",
    "npm_config_sign_git_tag": "",
    "npm_config_sso_poll_frequency": "500",
    "npm_config_sso_type": "oauth",
    "npm_config_strict_ssl": "true",
    "npm_config_tag": "latest",
    "npm_config_tag_version_prefix": "v",
    "npm_config_timing": "",
    "npm_config_tmp": "C:\\Users\\dinhp\\AppData\\Local\\Temp",
    "npm_config_umask": "0000",
    "npm_config_unicode": "",
    "npm_config_unsafe_perm": "true",
    "npm_config_update_notifier": "true",
    "npm_config_usage": "",
    "npm_config_user": "",
    "npm_config_userconfig": "C:\\Users\\dinhp\\.npmrc",
    "npm_config_user_agent": "npm/6.9.0 node/v12.5.0 win32 x64",
    "npm_config_version": "",
    "npm_config_versions": "",
    "npm_config_viewer": "browser",
    "npm_execpath": "C:\\laragon\\bin\\nodejs\\node-v12\\node_modules\\npm\\bin\\npm-cli.js",
    "npm_lifecycle_event": "dev",
    "npm_lifecycle_script": "nuxt",
    "npm_node_execpath": "C:\\laragon\\bin\\nodejs\\node-v12\\node.exe",
    "npm_package_dependencies_autoprefixer": "^10.0.2",
    "npm_package_dependencies_core_js": "^3.9.1",
    "npm_package_dependencies_moment": "^2.29.1",
    "npm_package_dependencies_nuxt": "^2.15.3",
    "npm_package_dependencies_vee_validate": "^3.0.11",
    "npm_package_dependencies_vue_quill_editor": "^3.0.6",
    "npm_package_dependencies_v_owl_carousel": "^1.0.8",
    "npm_package_dependencies__nuxtjs_auth_next": "5.0.0-1622918202.e815752",
    "npm_package_dependencies__nuxtjs_axios": "^5.13.6",
    "npm_package_dependencies__nuxtjs_dotenv": "^1.4.1",
    "npm_package_description": "```bash\r # install dependencies\r $ npm install",
    "npm_package_devDependencies_babel_plugin_component": "^1.1.1",
    "npm_package_devDependencies_css_loader": "^5.2.6",
    "npm_package_devDependencies_postcss": "^8.2.8",
    "npm_package_devDependencies_style_loader": "^3.0.0",
    "npm_package_devDependencies_vue_cli_plugin_element": "~1.0.1",
    "npm_package_devDependencies__nuxtjs_tailwindcss": "^4.0.1",
    "npm_package_gitHead": "085e077cbc85887466fefebc6f03f0d3cd14b72c",
    "npm_package_name": "petshopv1",
    "npm_package_private": "true",
    "npm_package_readmeFilename": "README.md",
    "npm_package_scripts_build": "nuxt build",
    "npm_package_scripts_dev": "nuxt",
    "npm_package_scripts_generate": "nuxt generate",
    "npm_package_scripts_start": "nuxt start",
    "npm_package_version": "1.0.0",
    "NPM_PREFIX_NPM_CLI_JS": "C:\\laragon\\bin\\nodejs\\node-v12\\node_modules\\npm\\bin\\npm-cli.js",
    "NUMBER_OF_PROCESSORS": "12",
    "OneDrive": "C:\\Users\\dinhp\\OneDrive",
    "OneDriveConsumer": "C:\\Users\\dinhp\\OneDrive",
    "OPENSSL_CONF": "C:\\laragon\\bin\\apache\\httpd-2.4.35-win64-VC15\\conf\\openssl.cnf",
    "ORIGINAL_XDG_CURRENT_DESKTOP": "undefined",
    "OS": "Windows_NT",
    "Path": "C:\\laragon\\bin\\nodejs\\node-v12\\node_modules\\npm\\node_modules\\npm-lifecycle\\node-gyp-bin;C:\\Users\\dinhp\\Desktop\\Pet-Market\\node_modules\\.bin;C:\\Users\\dinhp\\AppData\\Local\\Yarn\\config\\global\\node_modules\\.bin;C:\\Users\\dinhp\\AppData\\Roaming\\npm;C:\\Users\\dinhp\\AppData\\Roaming\\Composer\\vendor\\bin;;C:\\laragon\\bin\\laragon\\utils;C:\\laragon\\bin\\mysql\\mysql-5.7.24-winx64\\bin;C:\\laragon\\bin\\php\\php-7.2.19-Win32-VC15-x64;C:\\laragon\\bin\\composer;C:\\laragon\\bin\\apache\\httpd-2.4.35-win64-VC15\\bin;C:\\laragon\\bin\\redis\\redis-x64-3.2.100;C:\\laragon\\bin\\nodejs\\node-v12;C:\\laragon\\bin\\nginx\\nginx-1.16.0;C:\\laragon\\bin\\notepad++;C:\\laragon\\bin\\telnet;C:\\laragon\\bin\\ngrok;C:\\laragon\\bin\\git\\bin;C:\\laragon\\bin\\git\\cmd;C:\\laragon\\bin\\git\\usr\\bin;C:\\laragon\\bin\\git\\mingw64\\bin;C:\\laragon\\bin;C:\\laragon\\usr\\bin;C:\\laragon\\bin\\putty;C:\\laragon\\bin\\cmder\\bin;C:\\Python39\\Scripts\\;C:\\Python39\\;C:\\WINDOWS\\system32;C:\\WINDOWS;C:\\WINDOWS\\System32\\Wbem;C:\\WINDOWS\\System32\\WindowsPowerShell\\v1.0\\;C:\\WINDOWS\\System32\\OpenSSH\\;C:\\Program Files\\Git\\cmd;C:\\Program Files\\nodejs\\;C:\\ProgramData\\chocolatey\\bin;C:\\Program Files\\NVIDIA Corporation\\NVIDIA NvDLISR;C:\\Program Files (x86)\\NVIDIA Corporation\\PhysX\\Common;C:\\xampp\\php;C:\\composer;C:\\Program Files (x86)\\Bitvise SSH Client;C:\\Users\\dinhp\\AppData\\Local\\Microsoft\\WindowsApps;;C:\\Users\\dinhp\\AppData\\Local\\Programs\\Microsoft VS Code\\bin;C:\\Users\\dinhp\\AppData\\Roaming\\npm;C:\\Program Files\\JetBrains\\PhpStorm 2021.1.3\\bin;C:\\xampp\\php;;C:\\Users\\dinhp\\AppData\\Roaming\\Composer\\vendor\\bin;C:\\Program Files\\Git\\usr\\bin;C:\\Program Files\\Git\\usr\\share\\vim\\vim74;C:\\laragon\\bin\\cmder\\;",
    "PATHEXT": ".COM;.EXE;.BAT;.CMD;.VBS;.VBE;.JSE;.WSF;.WSH;.MSC;.PY;.PYW;.CPL",
    "PhpStorm": "C:\\Program Files\\JetBrains\\PhpStorm 2021.1.3\\bin;C:\\xampp\\php;",
    "PLINK_PROTOCOL": "ssh",
    "PROCESSOR_ARCHITECTURE": "AMD64",
    "PROCESSOR_IDENTIFIER": "Intel64 Family 6 Model 158 Stepping 10, GenuineIntel",
    "PROCESSOR_LEVEL": "6",
    "PROCESSOR_REVISION": "9e0a",
    "ProgramData": "C:\\ProgramData",
    "ProgramFiles": "C:\\Program Files",
    "ProgramFiles(x86)": "C:\\Program Files (x86)",
    "ProgramW6432": "C:\\Program Files",
    "PROMPT": "C\bL\bI\bN\bK\b \b$P$G",
    "PSModulePath": "C:\\Users\\dinhp\\Documents\\WindowsPowerShell\\Modules;C:\\Program Files\\WindowsPowerShell\\Modules;C:\\WINDOWS\\system32\\WindowsPowerShell\\v1.0\\Modules",
    "PUBLIC": "C:\\Users\\Public",
    "SESSIONNAME": "Console",
    "SVN_SSH": "C:\\\\Program Files\\\\Git\\\\bin\\\\ssh.exe",
    "SystemDrive": "C:",
    "SystemRoot": "C:\\WINDOWS",
    "TEMP": "C:\\Users\\dinhp\\AppData\\Local\\Temp",
    "TERM": "cygwin",
    "TERM_PROGRAM": "vscode",
    "TERM_PROGRAM_VERSION": "1.58.2",
    "TER_TITLE": "Pet-Market",
    "TMP": "C:\\Users\\dinhp\\AppData\\Local\\Temp",
    "user-aliases": "C:\\laragon\\bin\\cmder\\config\\user-aliases.cmd",
    "USERDOMAIN": "DINHPHUOCLONG",
    "USERDOMAIN_ROAMINGPROFILE": "DINHPHUOCLONG",
    "USERNAME": "dinhp",
    "USERPROFILE": "C:\\Users\\dinhp",
    "USER_DIR": "C:\\laragon\\usr",
    "USR_DIR": "C:\\laragon\\usr",
    "verbose-output": "0 ",
    "VSCODE_GIT_ASKPASS_MAIN": "c:\\Users\\dinhp\\AppData\\Local\\Programs\\Microsoft VS Code\\resources\\app\\extensions\\git\\dist\\askpass-main.js",
    "VSCODE_GIT_ASKPASS_NODE": "C:\\Users\\dinhp\\AppData\\Local\\Programs\\Microsoft VS Code\\Code.exe",
    "VSCODE_GIT_IPC_HANDLE": "\\\\.\\pipe\\vscode-git-32c1d2983e-sock",
    "VUE_ENV": "server",
    "windir": "C:\\WINDOWS",
    "_applied": "true",
    "_AXIOS_BASE_URL_": "http://localhost:8000/"
  },
  "sharedObjects": [
    "C:\\laragon\\bin\\nodejs\\node-v12\\node.exe",
    "C:\\WINDOWS\\SYSTEM32\\ntdll.dll",
    "C:\\WINDOWS\\System32\\KERNEL32.DLL",
    "C:\\WINDOWS\\System32\\KERNELBASE.dll",
    "C:\\WINDOWS\\System32\\WS2_32.dll",
    "C:\\WINDOWS\\System32\\RPCRT4.dll",
    "C:\\WINDOWS\\System32\\ADVAPI32.dll",
    "C:\\WINDOWS\\System32\\msvcrt.dll",
    "C:\\WINDOWS\\SYSTEM32\\dbghelp.dll",
    "C:\\WINDOWS\\System32\\sechost.dll",
    "C:\\WINDOWS\\System32\\ucrtbase.dll",
    "C:\\WINDOWS\\System32\\USER32.dll",
    "C:\\WINDOWS\\System32\\win32u.dll",
    "C:\\WINDOWS\\System32\\GDI32.dll",
    "C:\\WINDOWS\\System32\\gdi32full.dll",
    "C:\\WINDOWS\\System32\\msvcp_win.dll",
    "C:\\WINDOWS\\System32\\PSAPI.DLL",
    "C:\\WINDOWS\\System32\\CRYPT32.dll",
    "C:\\WINDOWS\\System32\\bcrypt.dll",
    "C:\\WINDOWS\\SYSTEM32\\IPHLPAPI.DLL",
    "C:\\WINDOWS\\SYSTEM32\\USERENV.dll",
    "C:\\WINDOWS\\SYSTEM32\\WINMM.dll",
    "C:\\WINDOWS\\System32\\IMM32.DLL",
    "C:\\WINDOWS\\SYSTEM32\\powrprof.dll",
    "C:\\WINDOWS\\SYSTEM32\\UMPDC.dll",
    "C:\\WINDOWS\\system32\\uxtheme.dll",
    "C:\\WINDOWS\\System32\\combase.dll",
    "C:\\WINDOWS\\system32\\mswsock.dll",
    "C:\\WINDOWS\\SYSTEM32\\kernel.appcore.dll",
    "C:\\WINDOWS\\System32\\bcryptprimitives.dll",
    "C:\\WINDOWS\\System32\\NSI.dll",
    "C:\\WINDOWS\\SYSTEM32\\dhcpcsvc6.DLL",
    "C:\\WINDOWS\\SYSTEM32\\dhcpcsvc.DLL",
    "C:\\WINDOWS\\SYSTEM32\\DNSAPI.dll",
    "C:\\WINDOWS\\SYSTEM32\\CRYPTBASE.DLL",
    "C:\\WINDOWS\\system32\\napinsp.dll",
    "C:\\WINDOWS\\system32\\pnrpnsp.dll",
    "C:\\WINDOWS\\system32\\NLAapi.dll",
    "C:\\WINDOWS\\system32\\wshbth.dll",
    "C:\\WINDOWS\\System32\\winrnr.dll",
    "C:\\Windows\\System32\\rasadhlp.dll",
    "C:\\WINDOWS\\System32\\fwpuclnt.dll"
  ]
}